{
  "project_info": {
    "project_number": "591931891273",
    "firebase_url": "https://scouting-2018-temp.firebaseio.com",
    "project_id": "scouting-2018-temp",
    "storage_bucket": "scouting-2018-temp.appspot.com"
  },
  "client": [
    {
      "client_info": {
        "mobilesdk_app_id": "1:591931891273:android:303d5cec6874cc19",
        "android_client_info": {
          "package_name": "com.example.sam.codebaseintegration"
        }
      },
      "oauth_client": [
        {
          "client_id": "591931891273-krda7rnpuargete7r1gbb3m2jbp5n40u.apps.googleusercontent.com",
          "client_type": 3
        }
      ],
      "api_key": [
        {
          "current_key": "AIzaSyBrEwG93UEp5K_5a3TbBMqTatSD78z7dSw"
        }
      ],
      "services": {
        "analytics_service": {
          "status": 1
        },
        "appinvite_service": {
          "status": 1,
          "other_platform_oauth_client": []
        },
        "ads_service": {
          "status": 2
        }
      }
    },
    {
      "client_info": {
        "mobilesdk_app_id": "1:591931891273:android:2829f0a89f52ae04",
        "android_client_info": {
          "package_name": "com.example.sam.blutoothsocketreceiver"
        }
      },
      "oauth_client": [
        {
          "client_id": "591931891273-krda7rnpuargete7r1gbb3m2jbp5n40u.apps.googleusercontent.com",
          "client_type": 3
        }
      ],
      "api_key": [
        {
          "current_key": "AIzaSyBrEwG93UEp5K_5a3TbBMqTatSD78z7dSw"
        }
      ],
      "services": {
        "analytics_service": {
          "status": 1
        },
        "appinvite_service": {
          "status": 1,
          "other_platform_oauth_client": []
        },
        "ads_service": {
          "status": 2
        }
      }
    },
    {
      "client_info": {
        "mobilesdk_app_id": "1:591931891273:android:484daee56380f52f",
        "android_client_info": {
          "package_name": "com.example.evan.scout"
        }
      },
      "oauth_client": [
        {
          "client_id": "591931891273-krda7rnpuargete7r1gbb3m2jbp5n40u.apps.googleusercontent.com",
          "client_type": 3
        }
      ],
      "api_key": [
        {
          "current_key": "AIzaSyBrEwG93UEp5K_5a3TbBMqTatSD78z7dSw"
        }
      ],
      "services": {
        "analytics_service": {
          "status": 1
        },
        "appinvite_service": {
          "status": 1,
          "other_platform_oauth_client": []
        },
        "ads_service": {
          "status": 2
        }
      }
    }
  ],
  "configuration_version": "1"
}